setName,gene,Direction
Kim_P1,Ddb2,1
Kim_P1,Rasa3,1
Kim_P1,Slc14a1,1
Kim_P1,Lrp1,1
Kim_P1,Gpld1,1
Kim_P1,Ces1d,1
Kim_P1,Lrig1,1
Kim_P1,Cd9,1
Kim_P1,Apex1,1
Kim_P1,Smoc2,1
Kim_P1,Farp1,1
Kim_P1,Notch2,1
Kim_P1,Fgfr2,1
Kim_P1,Ccnd1,1
Kim_P1,Vdr,1
Kim_P1,Kitl,1
Kim_P1,Ephb3,1
Kim_P1,Msi,1
Kim_P1,Notch1,1
Kim_P1,Clca1,1
Kim_P1,Nop2,1
Kim_P1,Cd55,1
Kim_P1,Hes1,1
Kim_P1,Hes1_bis,1
Kim_P1,Olfm4,1
Kim_P1,Lcp1,1
Kim_P1,Hopx,1
Kim_P1,Lgr5,1
Kim_P1,Nap1l1,1
Kim_P1,Arg2,1
Kim_P1,Abcg2,1
Kim_P1,Sema4d,1
Kim_P1,Heph,1
Kim_P1,Igf1r,1
Kim_P1,Hprt,1
Kim_P1,Agr3,1
Kim_P2,Lifr,1
Kim_P2,Muc2,1
Kim_P2,Rep15,1
Kim_P2,Spdef,1
Kim_P2,Apoa1,1
Kim_P2,Tdgf1,1
Kim_P2,Defa5,1
Kim_P2,Nupr1,1
Kim_P2,Dct,1
Kim_P2,Cdkn1a,1
Kim_P2,Cck,1
Kim_P2,Chga,1
Kim_P2,Alpi,1
Kim_P2,Atoh1_bis,1
Kim_P2,Ang4,1
Kim_P2,Kit,1
Kim_P2,Pax4,1
Kim_P2,Ccnb1,1
Kim_P2,Treh,1
Kim_P2,Tlr1,1
Kim_P2,Hes3,1
Kim_P2,Neurog3,1
Kim_P2,Bmp4,1
Kim_P2,Lct,1
Kim_P2,Plk1,1
Kim_P2,Dll4,1
Kim_P2,Tert,1
Kim_P2,Casp12,1
Kim_P2,Cdkn2b,1
Kim_P2,Rrm2,1
Kim_P2,Lipe,1
Kim_P2,Clca3,1
Kim_P2,Atoh1,1
Kim_P2,Rnase1,1
Kim_P2,Atf3,1
Kim_P2,Neurod1,1
Kim_P2,Tert_bis,1
Kim_P2,Ccna2,1
Kim_P2,Rfc4,1
Kim_P2,Gemin4,1
Kim_P2,Gapdh,1
Kim_P2,Dll1,1
Kim_P2,Cdk1,1
Kim_P2,Psrc1,1
Kim_P2,Sycn,1
Kim_P2,Hig2,1
Kim_P2,Tbx3,1
Kim_P2,Cd14,1
Kim_P2,Gfi1b,1
Kim_P2,Gfi1,1
Kim_P2,Cd82,1
Kim_P2,Il6,1
Kim_P2,Nfat5,1
Kim_P2,Cdkn2a,1
Kim_P2,Cdkn1b,1
Kim_P2,Fgfr4,1
Kim_P2,Gramd1a,1
Kim_P2,Dusp1,1
Kim_P2,Nkx2-2,1
Kim_P2,Rhobtb3,1
Kim_P2,JunB,1
Kim_P2,Tff3,1
Kim_P2,Il6st,1
Kim_P2,Defa3,1
Kim_Secr_Prec,Pde2a,1
Kim_Secr_Prec,Kctd14,1
Kim_Secr_Prec,Qsox1,1
Kim_Secr_Prec,Efcab4a,1
Kim_Secr_Prec,5330417C22Rik,1
Kim_Secr_Prec,Olfm1,1
Kim_Secr_Prec,Sytl2,1
Kim_Secr_Prec,Cadps,1
Kim_Secr_Prec,Rap1gap,1
Kim_Secr_Prec,Ddx60,1
Kim_Secr_Prec,Pla2g2a,1
Kim_Secr_Prec,Rab27b,1
Kim_Secr_Prec,Slc12a8,1
Kim_Secr_Prec,Myof,1
Kim_Secr_Prec,Tmem87a,1
Kim_Secr_Prec,Pdlim7,1
Kim_Secr_Prec,Fcgbp,1
Kim_Secr_Prec,Nucb2,1
Kim_Secr_Prec,Cyp1a1,1
Kim_Secr_Prec,Tph1,1
Kim_Secr_Prec,Rbp4,1
Kim_Secr_Prec,Fgd2,1
Kim_Secr_Prec,Vldlr,1
Kim_Secr_Prec,Ang,1
Kim_Secr_Prec,Fam174b,1
Kim_Secr_Prec,Cd97,1
Kim_Secr_Prec,Fgfrl1,1
Kim_Secr_Prec,Spats2l,1
Kim_Secr_Prec,Galnt7,1
Kim_Secr_Prec,Ffar2,1
Kim_Secr_Prec,Tnfaip8,1
Kim_Secr_Prec,Rapgef3,1
Kim_Secr_Prec,Asph,1
Kim_Secr_Prec,Psat1,1
Kim_Secr_Prec,Ica1,1
Kim_Secr_Prec,Dnajc12,1
Kim_Secr_Prec,Gfi1,1
Kim_Secr_Prec,Atoh1,1
Kim_Secr_Prec,C4bp,1
Kim_Secr_Prec,Chga,1
Kim_Secr_Prec,Chgb,1
Kim_Secr_Prec,#N/A,1
Kim_Secr_Prec,G0s2,1
Kim_Secr_Prec,Gcg,1
Kim_Secr_Prec,Gip,1
Kim_Secr_Prec,Foxa1,1
Kim_Secr_Prec,Foxa3,1
Kim_Secr_Prec,Hpd,1
Kim_Secr_Prec,Ido1,1
Kim_Secr_Prec,Ifit1,1
Kim_Secr_Prec,Fxyd3,1
Kim_Secr_Prec,Nefm,1
Kim_Secr_Prec,Rcn1,1
Kim_Secr_Prec,Resp18,1
Kim_Secr_Prec,Rgs2,1
Kim_Secr_Prec,Scg2,1
Kim_Secr_Prec,Ccl6,1
Kim_Secr_Prec,Scg5,1
Kim_Secr_Prec,Sst,1
Kim_Secr_Prec,Serpina1b,1
Kim_Secr_Prec,Serpina1c,1
Kim_Secr_Prec,Serpini1,1
Kim_Secr_Prec,Tac1,1
Kim_Secr_Prec,Neurog3,1
Kim_Secr_Prec,Fgfr2,1
Kim_Secr_Prec,Gfra3,1
Kim_Secr_Prec,Foxa2,1
Kim_Secr_Prec,Lats1,1
Kim_Secr_Prec,Cd200,1
Kim_Secr_Prec,Neurod1,1
Kim_Secr_Prec,Nkx2-2,1
Kim_Secr_Prec,P2rx4,1
Kim_Secr_Prec,Abcb1a,1
Kim_Secr_Prec,Prnp,1
Kim_Secr_Prec,Rnase1,1
Kim_Secr_Prec,S100a6,1
Kim_Secr_Prec,Ccl9,1
Kim_Secr_Prec,Slc23a1,1
Kim_Secr_Prec,Snap25,1
Kim_Secr_Prec,Spink4,1
Kim_Secr_Prec,Tff3,1
Kim_Secr_Prec,Agr2,1
Kim_Secr_Prec,Slc35a1,1
Kim_Secr_Prec,Creb3l1,1
Kim_Secr_Prec,Pla2g10,1
Kim_Secr_Prec,Ern2,1
Kim_Secr_Prec,Tpsg1,1
Kim_Secr_Prec,Fkbp9,1
Kim_Secr_Prec,Epb4.2,1
Kim_Secr_Prec,Pcsk1,1
Kim_Secr_Prec,Sytl4,1
Kim_Secr_Prec,Spdef,1
Kim_Secr_Prec,Mmp20,1
Kim_Secr_Prec,Insm1,1
Kim_Secr_Prec,Ramp1,1
Kim_Secr_Prec,Lyz2,1
Kim_Secr_Prec,Clca3,1
Kim_Secr_Prec,Tbc1d8,1
Kim_Secr_Prec,Pdzrn3,1
Kim_Secr_Prec,Hgfac,1
Kim_Secr_Prec,Dll4,1
Kim_Secr_Prec,Bace2,1
Kim_Secr_Prec,Cib2,1
Kim_Secr_Prec,Abhd1,1
Kim_Secr_Prec,Accn5,1
Kim_Secr_Prec,Isl1,1
Kim_Secr_Prec,Rnase4,1
Kim_Secr_Prec,Ghrl,1
Kim_Secr_Prec,C1galt1c1,1
Kim_Secr_Prec,Sdf2l1,1
Kim_Secr_Prec,Slc13a2,1
Kim_Secr_Prec,Myl7,1
Kim_Secr_Prec,Capn9,1
Kim_Secr_Prec,Fkbp11,1
Kim_Secr_Prec,Dnajc10,1
Kim_Secr_Prec,Tmed6,1
Kim_Secr_Prec,Rep15,1
Kim_Secr_Prec,Hmgn3,1
Kim_Secr_Prec,Far1,1
Kim_Secr_Prec,Reg4,1
Kim_Secr_Prec,Bambi,1
Kim_Secr_Prec,1500011H22Rik,1
Kim_Secr_Prec,Zg16,1
Kim_Secr_Prec,Pdia6,1
Kim_Secr_Prec,Pdia5,1
Kim_Secr_Prec,Creb3l4,1
Kim_Secr_Prec,Cck,1
Kim_Secr_Prec,Rab3d,1
Kim_Secr_Prec,Krt7,1
Kim_Secr_Prec,Krt23,1
Kim_Secr_Prec,Selm,1
Kim_Secr_Prec,Sh3bgrl3,1
Kim_Secr_Prec,Bbox1,1
Kim_Secr_Prec,Cxxc5,1
Kim_Secr_Prec,1110003E01Rik,1
Kim_Secr_Prec,Tmem123,1
Kim_Secr_Prec,Rab15,1
Kim_Secr_Prec,Kdelr3,1
Kim_Secr_Prec,Txndc5,1
Kim_Secr_Prec,Scgn,1
Kim_Secr_Prec,Lrrc26,1
Kim_Secr_Prec,Dusp18,1
Kim_Secr_Prec,Hepacam2,1
Kim_Secr_Prec,Tmem199,1
Kim_Ent_Prec,Ckap2,1
Kim_Ent_Prec,E2f8,1
Kim_Ent_Prec,Utp18,1
Kim_Ent_Prec,Orc2,1
Kim_Ent_Prec,Pus1,1
Kim_Ent_Prec,Vrk1,1
Kim_Ent_Prec,Golm1,1
Kim_Ent_Prec,Xpo1,1
Kim_Ent_Prec,Tcerg1,1
Kim_Ent_Prec,Tacc3,1
Kim_Ent_Prec,Blm,1
Kim_Ent_Prec,Rpf2,1
Kim_Ent_Prec,Hnrnpd,1
Kim_Ent_Prec,Srsf1,1
Kim_Ent_Prec,Tmpo,1
Kim_Ent_Prec,Pprc1,1
Kim_Ent_Prec,Cenpf,1
Kim_Ent_Prec,Mdn1,1
Kim_Ent_Prec,Nasp,1
Kim_Ent_Prec,Dtymk,1
Kim_Ent_Prec,Eftud2,1
Kim_Ent_Prec,Wdr36,1
Kim_Ent_Prec,Nxt1,1
Kim_Ent_Prec,Ngfrap1,1
Kim_Ent_Prec,Ttk,1
Kim_Ent_Prec,Canx,1
Kim_Ent_Prec,Bub1,1
Kim_Ent_Prec,Nudcd1,1
Kim_Ent_Prec,Serbp1,1
Kim_Ent_Prec,Nde1,1
Kim_Ent_Prec,Faim,1
Kim_Ent_Prec,Qser1,1
Kim_Ent_Prec,Rbm43,1
Kim_Ent_Prec,Tiam1,1
Kim_Ent_Prec,Nap1l1,1
Kim_Ent_Prec,Gjb3,1
Kim_Ent_Prec,Zfp275,1
Kim_Ent_Prec,Nol11,1
Kim_Ent_Prec,Cbfb,1
Kim_Ent_Prec,Myef2,1
Kim_Ent_Prec,Fignl1,1
Kim_Ent_Prec,Spata5,1
Kim_Ent_Prec,Naf1,1
Kim_Ent_Prec,Tia1,1
Kim_Ent_Prec,Rpa1,1
Kim_Ent_Prec,Cep55,1
Kim_Ent_Prec,Nip7,1
Kim_Ent_Prec,Exosc1,1
Kim_Ent_Prec,Mpp6,1
Kim_Ent_Prec,Kif20a,1
Kim_Ent_Prec,Eif5a,1
Kim_Ent_Prec,Aimp2,1
Kim_Ent_Prec,Myc,1
Kim_Ent_Prec,0610010K14Rik,1
Kim_Ent_Prec,Ect2,1
Kim_Ent_Prec,Dbf4,1
Kim_Ent_Prec,Rcc1,1
Kim_Ent_Prec,Spc25,1
Kim_Ent_Prec,Acly,1
Kim_Ent_Prec,Lsm2,1
Kim_Ent_Prec,Prmt1,1
Kim_Ent_Prec,Fut8,1
Kim_Ent_Prec,Smn1,1
Kim_Ent_Prec,Parp1,1
Kim_Ent_Prec,Ccnd1,1
Kim_Ent_Prec,Ccne1,1
Kim_Ent_Prec,Ccnf,1
Kim_Ent_Prec,Cd9,1
Kim_Ent_Prec,Cdk1,1
Kim_Ent_Prec,Chek1,1
Kim_Ent_Prec,Fen1,1
Kim_Ent_Prec,Smc2,1
Kim_Ent_Prec,Thumpd3,1
Kim_Ent_Prec,Hdac2,1
Kim_Ent_Prec,Hells,1
Kim_Ent_Prec,Hiat1,1
Kim_Ent_Prec,Hspe1,1
Kim_Ent_Prec,Eif3e,1
Kim_Ent_Prec,Kif4,1
Kim_Ent_Prec,Mcm3,1
Kim_Ent_Prec,Mcm4,1
Kim_Ent_Prec,Mcm5,1
Kim_Ent_Prec,Mcm6,1
Kim_Ent_Prec,Mcm7,1
Kim_Ent_Prec,Abcc1,1
Kim_Ent_Prec,Mns1,1
Kim_Ent_Prec,Nme1,1
Kim_Ent_Prec,Pabpc1,1
Kim_Ent_Prec,Pdcd2,1
Kim_Ent_Prec,Pola1,1
Kim_Ent_Prec,Prim2,1
Kim_Ent_Prec,Psmc3ip,1
Kim_Ent_Prec,Pter,1
Kim_Ent_Prec,Rbbp7,1
Kim_Ent_Prec,Rps5,1
Kim_Ent_Prec,Rrm1,1
Kim_Ent_Prec,Rrm2,1
Kim_Ent_Prec,Snrpd1,1
Kim_Ent_Prec,Srm,1
Kim_Ent_Prec,Tfdp1,1
Kim_Ent_Prec,Xrcc5,1
Kim_Ent_Prec,Brca1,1
Kim_Ent_Prec,Bub1b,1
Kim_Ent_Prec,Pdia4,1
Kim_Ent_Prec,Ccna2,1
Kim_Ent_Prec,Cct3,1
Kim_Ent_Prec,Cct6a,1
Kim_Ent_Prec,Cct8,1
Kim_Ent_Prec,Cdc7,1
Kim_Ent_Prec,Gart,1
Kim_Ent_Prec,Nedd4,1
Kim_Ent_Prec,Notch2,1
Kim_Ent_Prec,Orc1,1
Kim_Ent_Prec,Pfdn2,1
Kim_Ent_Prec,Plk1,1
Kim_Ent_Prec,Pole2,1
Kim_Ent_Prec,Rad51,1
Kim_Ent_Prec,Ranbp1,1
Kim_Ent_Prec,C80913,1
Kim_Ent_Prec,Ruvbl2,1
Kim_Ent_Prec,Shcbp1,1
Kim_Ent_Prec,Aurkb,1
Kim_Ent_Prec,Aurka,1
Kim_Ent_Prec,Suv39h1,1
Kim_Ent_Prec,Tfpi,1
Kim_Ent_Prec,Wbp5,1
Kim_Ent_Prec,Farsb,1
Kim_Ent_Prec,Whsc2,1
Kim_Ent_Prec,Exo1,1
Kim_Ent_Prec,Asns,1
Kim_Ent_Prec,Emg1,1
Kim_Ent_Prec,Tcp1,1
Kim_Ent_Prec,Hk2,1
Kim_Ent_Prec,Abce1,1
Kim_Ent_Prec,Ctps,1
Kim_Ent_Prec,H2afz,1
Kim_Ent_Prec,Hnrnpu,1
Kim_Ent_Prec,Hnrnpa2b1,1
Kim_Ent_Prec,Atxn10,1
Kim_Ent_Prec,Bysl,1
Kim_Ent_Prec,Cks1b,1
Kim_Ent_Prec,Zranb2,1
Kim_Ent_Prec,Ddx20,1
Kim_Ent_Prec,Mre11a,1
Kim_Ent_Prec,Eif3d,1
Kim_Ent_Prec,Mad2l1,1
Kim_Ent_Prec,Ddx21,1
Kim_Ent_Prec,Rev1,1
Kim_Ent_Prec,Htra2,1
Kim_Ent_Prec,Zc3h8,1
Kim_Ent_Prec,Mogs,1
Kim_Ent_Prec,Tyms,1
Kim_Ent_Prec,Noc3l,1
Kim_Ent_Prec,Snrpa1,1
Kim_Ent_Prec,Nup160,1
Kim_Ent_Prec,Eed,1
Kim_Ent_Prec,Qtrt1,1
Kim_Ent_Prec,Gtf2h2,1
Kim_Ent_Prec,Polr1e,1
Kim_Ent_Prec,Glrx3,1
Kim_Ent_Prec,Pbk,1
Kim_Ent_Prec,Cdc20,1
Kim_Ent_Prec,Ccnh,1
Kim_Ent_Prec,Pus3,1
Kim_Ent_Prec,Cad,1
Kim_Ent_Prec,Cse1l,1
Kim_Ent_Prec,Ipo5,1
Kim_Ent_Prec,Kdelc1,1
Kim_Ent_Prec,Ccdc86,1
Kim_Ent_Prec,Asf1b,1
Kim_Ent_Prec,Rpl4,1
Kim_Ent_Prec,Zfp593,1
Kim_Ent_Prec,Rexo2,1
Kim_Ent_Prec,Mtap,1
Kim_Ent_Prec,Lyar,1
Kim_Ent_Prec,Tipin,1
Kim_Ent_Prec,Mrps22,1
Kim_Ent_Prec,Rsl1d1,1
Kim_Ent_Prec,Polr2e,1
Kim_Ent_Prec,Zwint,1
Kim_Ent_Prec,Farsa,1
Kim_Ent_Prec,Atpbd4,1
Kim_Ent_Prec,Rrp8,1
Kim_Ent_Prec,Ccdc43,1
Kim_Ent_Prec,Rpp14,1
Kim_Ent_Prec,Ssr1,1
Kim_Ent_Prec,Cdt1,1
Kim_Ent_Prec,Rplp2,1
Kim_Ent_Prec,Zmynd19,1
Kim_Ent_Prec,Nudcd2,1
Kim_Ent_Prec,Srfbp1,1
Kim_Ent_Prec,Rrp15,1
Kim_Ent_Prec,Eri1,1
Kim_Ent_Prec,Hat1,1
Kim_Ent_Prec,Ergic1,1
Kim_Ent_Prec,2610029G23Rik,1
Kim_Ent_Prec,Brix1,1
Kim_Ent_Prec,Mak16,1
Kim_Ent_Prec,Wdr55,1
Kim_Ent_Prec,Ddx56,1
Kim_Ent_Prec,Ncbp2,1
Kim_Ent_Prec,Fam92a,1
Kim_Ent_Prec,Ggct,1
Kim_Ent_Prec,Fam111a,1
Kim_Ent_Prec,Zmym1,1
Kim_Ent_Prec,Ube2c,1
Kim_Ent_Prec,Ebna1bp2,1
Kim_Ent_Prec,Dtwd1,1
Kim_Ent_Prec,Gtpbp4,1
Kim_Ent_Prec,Rfc3,1
Kim_Ent_Prec,Trip13,1
Kim_Ent_Prec,Mcm10,1
Kim_Ent_Prec,Rpf1,1
Kim_Ent_Prec,Steap1,1
Kim_Ent_Prec,Wdr77,1
Kim_Ent_Prec,Eri2,1
Kim_Ent_Prec,Pnpt1,1
Kim_Ent_Prec,Cyb5r1,1
Kim_Ent_Prec,2700029M09Rik,1
Kim_Ent_Prec,Dis3,1
Kim_Ent_Prec,Tdp1,1
Kim_Ent_Prec,Tmem48,1
Kim_Ent_Prec,3110003A17Rik,1
Kim_Ent_Prec,Tmed5,1
Kim_Ent_Prec,Pwp2,1
Kim_Ent_Prec,Dtl,1
Kim_Ent_Prec,Ola1,1
Kim_Ent_Prec,Uck2,1
Kim_Ent_Prec,Cela1,1
Kim_Ent_Prec,Sfxn2,1
Kim_Ent_Prec,Fubp1,1
Kim_Ent_Prec,Nup155,1
Kim_Ent_Prec,Krtap19-9b,1
Kim_Ent_Prec,Tspan1,1
Kim_Ent_Prec,Pycr2,1
Kim_Ent_Prec,St13,1
Kim_Ent_Prec,Prmt3,1
Kim_Ent_Prec,Fam98a,1
Kim_Ent_Prec,Ncapg2,1
Kim_Ent_Prec,Ube2s,1
Kim_Ent_Prec,Nmd3,1
Kim_Ent_Prec,Zfp451,1
Kim_Ent_Prec,Rpn1,1
Kim_Ent_Prec,Rpp25,1
Kim_Ent_Prec,Ankrd32,1
Kim_Ent_Prec,Dnajc9,1
Kim_Ent_Prec,Lars,1
Kim_Ent_Prec,Wdr74,1
Kim_Ent_Prec,Gfm1,1
Kim_Ent_Prec,Mthfd1,1
Kim_Ent_Prec,Kif18a,1
Kim_Ent_Prec,Thyn1,1
Kim_Ent_Prec,Ncaph,1
Kim_Ent_Prec,Utp6,1
Kim_Ent_Prec,Exosc2,1
Kim_Ent_Prec,Prc1,1
Kim_Ent_Prec,Nsun2,1
Kim_Ent_Prec,Eif2b1,1
Kim_Ent_Prec,Casd1,1
Kim_Ent_Prec,Rfc4,1
Kim_Ent_Prec,Mat2a,1
Kim_Ent_Prec,Fam176a,1
Kim_Ent_Prec,Pdk3,1
Kim_Ent_Prec,Nup43,1
Kim_Ent_Prec,Osgin2,1
Kim_Ent_Prec,BC027231,1
Kim_Ent_Prec,2310008H04Rik,1
Kim_Ent_Prec,Haus1,1
Kim_Ent_Prec,Haus3,1
Kim_Ent_Prec,Paip2b,1
Kim_Ent_Prec,Ercc6l,1
Kim_Ent_Prec,Rbm17,1
Kim_Ent_Prec,Ddx27,1
Kim_Ent_Prec,Yrdc,1
Kim_Ent_Prec,Noc4l,1
Kim_Ent_Prec,Polr2b,1
Kim_Ent_Prec,Ppat,1
Kim_Ent_Prec,Ccnb1,1
Kim_Ent_Prec,Tex10,1
Kim_Ent_Prec,Nup93,1
Kim_Ent_Prec,Haus6,1
Kim_Ent_Prec,Slc41a1,1
Kim_Ent_Prec,Rif1,1
Kim_Ent_Prec,Rg9mtd2,1
Kim_Ent_Prec,Topbp1,1
Kim_Ent_Prec,Tsr1,1
Kim_Ent_Prec,Pus7,1
Kim_Ent_Prec,Krr1,1
Kim_Ent_Prec,Tmem209,1
Kim_Ent_Prec,Slc7a6,1
Kim_Ent_Prec,Ltv1,1
Kim_Ent_Prec,Rnmtl1,1
Kim_Ent_Prec,Ddx39,1
Kim_Ent_Prec,Trim37,1
Kim_Ent_Prec,Rrp12,1
Kim_Ent_Prec,Mms22l,1
Kim_Ent_Prec,BC048355,1
Kim_Ent_Prec,Gas5,1
Kim_Ent_Prec,Snord22,1
Kim_Ent_Prec,1810032O08Rik,1
Kim_Ent_Prec,5730408K05Rik,1
Kim_Ent_Prec,2010204K13Rik,1
Haber_Pan,Gm15284,1
Haber_Pan,Gm14851,1
Haber_Pan,Defa21,1
Haber_Pan,Defa22,1
Haber_Pan,AY761184,1
Haber_Pan,Defa24,1
Haber_Pan,Defa17,1
Haber_Pan,Lyz1,1
Haber_Pan,Defa-rs1,1
Haber_Pan,Defa3,1
Haber_Pan,Mptx2,1
Haber_Pan,Ang4,1
Haber_Pan,Defa26,1
Haber_Pan,Gm15292,1
Haber_Gob,Agr2,1
Haber_Gob,Spink4,1
Haber_Gob,Fcgbp,1
Haber_Gob,Tff3,1
Haber_Gob,Muc2,1
Haber_Gob,Zg16,1
Haber_Gob,Clca1,1
Haber_Gob,Ccl6,1
Haber_Gob,Klk1,1
Haber_Gob,Tpsg1,1
Haber_Gob,Ccl9,1
Haber_Gob,Txndc5,1
Haber_Gob,Smim14,1
Haber_Gob,Tspan13,1
Haber_Gob,Atoh1,1
Haber_Gob,Lrrc26,1
Haber_Gob,Ramp1,1
Haber_Gob,Galnt12,1
Haber_Gob,Mmp7,1
Haber_Gob,Qsox1,1
Haber_Gob,Fkbp11,1
Haber_Gob,Rep15,1
Haber_Gob,Tmsb10,1
Haber_Gob,Pla2g10,1
Haber_Gob,Tsta3,1
Haber_Gob,Pdia6,1
Haber_Gob,Sdf2l1,1
Haber_Gob,S100a6,1
Haber_Gob,Manf,1
Haber_Gob,Slc12a8,1
Haber_Gob,Creb3l1,1
Haber_Gob,Sh3bgrl3,1
Haber_Gob,Spdef,1
Haber_Gob,Tpd52,1
Haber_Gob,Pdia5,1
Haber_Gob,Cmpk1,1
Haber_Gob,Serp1,1
Haber_Gob,Tmed3,1
Haber_Gob,Selm,1
Haber_Gob,Creb3l4,1
Haber_Gob,Smim6,1
Haber_Gob,Krtcap2,1
Haber_Gob,Bace2,1
Haber_Gob,Stard3nl,1
Haber_Gob,Bcas1,1
Haber_Gob,Nans,1
Haber_Gob,C1galt1c1,1
Haber_Gob,Xbp1,1
Haber_Gob,Hpd,1
Haber_Gob,Slc50a1,1
Haber_Gob,Guk1,1
Haber_Gob,Tmed9,1
Haber_Gob,Ssr4,1
Haber_Gob,Hgfac,1
Haber_Gob,Ostc,1
Haber_Gob,Creld2,1
Haber_Gob,Sec61b,1
Haber_Gob,Gale,1
Haber_Gob,Kdelr2,1
Haber_Gob,Ssr2,1
Haber_Gob,Ern2,1
Haber_Gob,Ergic1,1
Haber_Gob,AW112010,1
Haber_Gob,Gcnt3,1
Haber_Gob,Guca2a,1
Haber_Gob,Klf4,1
Haber_Gob,15-Sep,1
Haber_Gob,Galnt7,1
Haber_Gob,Uap1,1
Haber_Gob,Dnajc10,1
Haber_Gob,Ddost,1
Haber_Gob,Oit1,1
Haber_Gob,Foxa3,1
Haber_Gob,Tm9sf3,1
Haber_Gob,Cracr2b,1
Haber_Gob,Vimp,1
Haber_Gob,Capn9,1
Haber_Gob,Scin,1
Haber_Gob,Pdia3,1
Haber_Gob,Rnase1,1
Haber_Gob,Calr,1
Haber_Gob,Wars,1
Haber_Gob,Snhg18,1
Haber_Gob,Dap,1
Haber_Gob,Ttc39a,1
Haber_Gob,Dad1,1
Haber_Gob,Tnfaip8,1
Haber_Gob,Tram1,1
Haber_Gob,Kdelr3,1
Haber_Gob,Arf4,1
Haber_Gob,Cmtm7,1
Haber_EE,Chgb,1
Haber_EE,Chga,1
Haber_EE,Gfra3,1
Haber_EE,Cpe,1
Haber_EE,Tac1,1
Haber_EE,Fam183b,1
Haber_EE,Hmgn3,1
Haber_EE,Cck,1
Haber_EE,Fev,1
Haber_EE,Gch1,1
Haber_EE,Pcsk1n,1
Haber_EE,Bex2,1
Haber_EE,Neurog3,1
Haber_EE,Ngfrap1,1
Haber_EE,Vwa5b2,1
Haber_EE,Resp18,1
Haber_EE,Sct,1
Haber_EE,Aplp1,1
Haber_EE,Scgn,1
Haber_EE,Neurod1,1
Haber_EE,Nkx2-2,1
Haber_EE,Insm1,1
Haber_EE,Vim,1
Haber_EE,Rbp4,1
Haber_EE,Isl1,1
Haber_EE,Ddc,1
Haber_EE,Mtch1,1
Haber_EE,Tph1,1
Haber_EE,Cldn4,1
Haber_EE,Scg5,1
Haber_EE,Maged1,1
Haber_EE,Rprml,1
Haber_EE,Cryba2,1
Haber_EE,Rph3al,1
Haber_EE,Celf3,1
Haber_EE,Cacna1a,1
Haber_EE,Trp53i11,1
Haber_EE,Gpx3,1
Haber_EE,Pcsk1,1
Haber_EE,Fabp5,1
Haber_EE,Fxyd6,1
Haber_EE,Cplx2,1
Haber_EE,Cdkn1c,1
Haber_EE,Rundc3a,1
Haber_EE,Pycr2,1
Haber_EE,Myl7,1
Haber_EE,Ffar2,1
Haber_EE,Prnp,1
Haber_EE,Rimbp2,1
Haber_EE,Slc25a4,1
Haber_EE,Bambi,1
Haber_EE,Itm2c,1
Haber_EE,Cacna2d1,1
Haber_EE,Fgd2,1
Haber_EE,Gadd45a,1
Haber_EE,Cited2,1
Haber_EE,Olfm1,1
Haber_EE,Slc39a2,1
Haber_EE,Ptov1,1
Haber_EE,Rab3c,1
Haber_EE,Tox3,1
Haber_EE,Cdkn1a,1
Haber_EE,Anxa6,1
Haber_EE,Krt7,1
Haber_EE,Btg2,1
Haber_EE,Cnot6l,1
Haber_EE,Riiad1,1
Haber_EE,Marcksl1,1
Haber_EE,Pax6,1
Haber_EE,Wbp5,1
Haber_EE,Scg3,1
Haber_EE,Nisch,1
Haber_EE,Gstz1,1
Haber_EE,Bax,1
Haber_EE,Gm43861,1
Haber_EE,Slc18a1,1
Haber_EE,Gng4,1
Haber_Tuft,Lrmp,1
Haber_Tuft,Alox5ap,1
Haber_Tuft,Rgs13,1
Haber_Tuft,Sh2d6,1
Haber_Tuft,Ltc4s,1
Haber_Tuft,Avil,1
Haber_Tuft,Hck,1
Haber_Tuft,Dclk1,1
Haber_Tuft,Snrnp25,1
Haber_Tuft,Cd24a,1
Haber_Tuft,Trpm5,1
Haber_Tuft,Kctd12,1
Haber_Tuft,Aldh2,1
Haber_Tuft,Il13ra1,1
Haber_Tuft,Gng13,1
Haber_Tuft,Tmem176a,1
Haber_Tuft,Skap2,1
Haber_Tuft,Ptpn6,1
Haber_Tuft,Ly6g6f,1
Haber_Tuft,Fyb,1
Haber_Tuft,Adh1,1
Haber_Tuft,Tmem176b,1
Haber_Tuft,Hpgds,1
Haber_Tuft,Reep5,1
Haber_Tuft,Ptpn18,1
Haber_Tuft,Spib,1
Haber_Tuft,Bpgm,1
Haber_Tuft,Galk1,1
Haber_Tuft,Matk,1
Haber_Tuft,Tuba1a,1
Haber_Tuft,1810046K07Rik,1
Haber_Tuft,Hmx2,1
Haber_Tuft,Ccdc28b,1
Haber_Tuft,Ethe1,1
Haber_Tuft,Limd2,1
Haber_Tuft,Sh2d7,1
Haber_Tuft,Ccdc109b,1
Haber_Tuft,Tspan6,1
Haber_Tuft,Smpx,1
Haber_Tuft,Vav1,1
Haber_Tuft,Ly6g6d,1
Haber_Tuft,Pik3r5,1
Haber_Tuft,Nebl,1
Haber_Tuft,Plcg2,1
Haber_Tuft,Rbm38,1
Haber_Tuft,Vdac3,1
Haber_Tuft,Krt18,1
Haber_Tuft,Asah1,1
Haber_Tuft,Cd47,1
Haber_Tuft,Krt23,1
Haber_Tuft,Bcl2l14,1
Haber_Tuft,Lima1,1
Haber_Tuft,Pygl,1
Haber_Tuft,Itpr2,1
Haber_Tuft,Inpp5j,1
Haber_Tuft,Pea15a,1
Haber_Tuft,Rac2,1
Haber_Tuft,Pou2f3,1
Haber_Tuft,Atp2a3,1
Haber_Tuft,Bmx,1
Haber_Tuft,Acot7,1
Haber_Tuft,Gnai2,1
Haber_Tuft,Alox5,1
Haber_Tuft,Ppp3ca,1
Haber_Tuft,Ptgs1,1
Haber_Tuft,Calm2,1
Haber_Tuft,Zfp428,1
Haber_Tuft,Tmem141,1
Haber_Tuft,Myo1b,1
Haber_Tuft,Siglecf,1
Haber_Tuft,Pla2g4a,1
Haber_Tuft,Inpp5b,1
Haber_Tuft,Fam221a,1
Haber_Tuft,Bub3,1
Haber_Tuft,Arpc5,1
Haber_Tuft,Pla2g16,1
Haber_Tuft,1110007C09Rik,1
Haber_Tuft,Gimap1,1
Haber_Tuft,Coprs,1
Haber_Tuft,Lect2,1
Haber_Tuft,Nrgn,1
Haber_Tuft,Agt,1
Haber_Tuft,Ffar3,1
Haber_Tuft,Tmem45b,1
Haber_Tuft,Ccdc23,1
Haber_Tuft,Rgs2,1
Haber_Tuft,Mlip,1
Haber_Tuft,Csk,1
Haber_Tuft,2210016L21Rik,1
Haber_Tuft,St6galnac2,1
Haber_Tuft,Ildr1,1
Haber_Tuft,Gprc5c,1
Haber_Tuft,Mocs2,1
Haber_Tuft,Nrep,1
Haber_Tuft,Pik3cg,1
Haber_Tuft,Malat1,1
Haber_Tuft,Sec14l1,1
Haber_Tuft,Ndufaf3,1
Haber_Tuft,Inpp5d,1
Haber_Tuft,Pim3,1
Haber_Tuft,Tmem9,1
Haber_Tuft,Gga2,1
Haber_Tuft,Nt5c3,1